item,price,location,unit,quantity,date,currency,external_id
Eggs,15,ajdabiya,piece,30,2024-04-15,LYD,wfp-hdx:92:2320:2024-04-15
Eggs,17.63,ajdabiya,piece,30,2024-05-15,LYD,wfp-hdx:92:2320:2024-05-15
Eggs,17.5,ajdabiya,piece,30,2024-06-15,LYD,wfp-hdx:92:2320:2024-06-15
Eggs,15,ajdabiya,piece,30,2024-07-15,LYD,wfp-hdx:92:2320:2024-07-15
Eggs,18.5,ajdabiya,piece,30,2024-08-15,LYD,wfp-hdx:92:2320:2024-08-15
Eggs,14,ajdabiya,piece,30,2024-09-15,LYD,wfp-hdx:92:2320:2024-09-15
Eggs,11.88,ajdabiya,piece,30,2024-10-15,LYD,wfp-hdx:92:2320:2024-10-15
Eggs,14.25,ajdabiya,piece,30,2024-11-15,LYD,wfp-hdx:92:2320:2024-11-15
Eggs,13.88,ajdabiya,piece,30,2024-12-15,LYD,wfp-hdx:92:2320:2024-12-15
Eggs,17.25,ajdabiya,piece,30,2025-01-15,LYD,wfp-hdx:92:2320:2025-01-15
Eggs,13.38,ajdabiya,piece,30,2025-02-15,LYD,wfp-hdx:92:2320:2025-02-15
Eggs,18.25,ajdabiya,piece,30,2025-03-15,LYD,wfp-hdx:92:2320:2025-03-15
Eggs,14,ajdabiya,piece,30,2025-04-15,LYD,wfp-hdx:92:2320:2025-04-15
Eggs,19,ajdabiya,piece,30,2025-05-15,LYD,wfp-hdx:92:2320:2025-05-15
Eggs,18,ajdabiya,piece,30,2025-06-15,LYD,wfp-hdx:92:2320:2025-06-15
Eggs,17.75,ajdabiya,piece,30,2025-10-15,LYD,wfp-hdx:92:2320:2025-10-15
Eggs,18.75,ajdabiya,piece,30,2025-11-15,LYD,wfp-hdx:92:2320:2025-11-15
Eggs,22,ajdabiya,piece,30,2025-12-15,LYD,wfp-hdx:92:2320:2025-12-15
Eggs,20.5,ajdabiya,piece,30,2026-01-15,LYD,wfp-hdx:92:2320:2026-01-15
Eggs,22,ajdabiya,piece,30,2026-02-15,LYD,wfp-hdx:92:2320:2026-02-15
Eggs,23,ajdabiya,piece,30,2026-03-15,LYD,wfp-hdx:92:2320:2026-03-15
Eggs,20,ajdabiya,piece,30,2026-04-15,LYD,wfp-hdx:92:2320:2026-04-15
Eggs,23,ajdabiya,piece,30,2026-05-15,LYD,wfp-hdx:92:2320:2026-05-15
Eggs,16.5,bayda,piece,30,2024-04-15,LYD,wfp-hdx:92:2322:2024-04-15
Eggs,17.13,bayda,piece,30,2024-05-15,LYD,wfp-hdx:92:2322:2024-05-15
Eggs,17.45,bayda,piece,30,2024-06-15,LYD,wfp-hdx:92:2322:2024-06-15
Eggs,16.13,bayda,piece,30,2024-07-15,LYD,wfp-hdx:92:2322:2024-07-15
Eggs,17,bayda,piece,30,2024-08-15,LYD,wfp-hdx:92:2322:2024-08-15
Eggs,17.75,bayda,piece,30,2024-09-15,LYD,wfp-hdx:92:2322:2024-09-15
Eggs,15.1,bayda,piece,30,2024-10-15,LYD,wfp-hdx:92:2322:2024-10-15
Eggs,17.5,bayda,piece,30,2024-11-15,LYD,wfp-hdx:92:2322:2024-11-15
Eggs,18,bayda,piece,30,2024-12-15,LYD,wfp-hdx:92:2322:2024-12-15
Eggs,18.25,bayda,piece,30,2025-01-15,LYD,wfp-hdx:92:2322:2025-01-15
Eggs,18,bayda,piece,30,2025-02-15,LYD,wfp-hdx:92:2322:2025-02-15
Eggs,12.25,bayda,piece,30,2025-03-15,LYD,wfp-hdx:92:2322:2025-03-15
Eggs,15.25,bayda,piece,30,2025-04-15,LYD,wfp-hdx:92:2322:2025-04-15
Eggs,13.75,bayda,piece,30,2025-05-15,LYD,wfp-hdx:92:2322:2025-05-15
Eggs,16.5,bayda,piece,30,2025-06-15,LYD,wfp-hdx:92:2322:2025-06-15
Eggs,18.4,bayda,piece,30,2025-10-15,LYD,wfp-hdx:92:2322:2025-10-15
Eggs,18.5,bayda,piece,30,2025-11-15,LYD,wfp-hdx:92:2322:2025-11-15
Eggs,16.25,bayda,piece,30,2025-12-15,LYD,wfp-hdx:92:2322:2025-12-15
Eggs,21.5,bayda,piece,30,2026-01-15,LYD,wfp-hdx:92:2322:2026-01-15
Eggs,22.5,bayda,piece,30,2026-02-15,LYD,wfp-hdx:92:2322:2026-02-15
Eggs,25,bayda,piece,30,2026-03-15,LYD,wfp-hdx:92:2322:2026-03-15
Eggs,19.12,bayda,piece,30,2026-04-15,LYD,wfp-hdx:92:2322:2026-04-15
Eggs,18.25,bayda,piece,30,2026-05-15,LYD,wfp-hdx:92:2322:2026-05-15
Eggs,16.63,benghazi,piece,30,2024-04-15,LYD,wfp-hdx:92:2325:2024-04-15
Eggs,16.5,benghazi,piece,30,2024-05-15,LYD,wfp-hdx:92:2325:2024-05-15
Eggs,15.75,benghazi,piece,30,2024-06-15,LYD,wfp-hdx:92:2325:2024-06-15
Eggs,14.75,benghazi,piece,30,2024-07-15,LYD,wfp-hdx:92:2325:2024-07-15
Eggs,18.75,benghazi,piece,30,2024-08-15,LYD,wfp-hdx:92:2325:2024-08-15
Eggs,20.75,benghazi,piece,30,2024-09-15,LYD,wfp-hdx:92:2325:2024-09-15
Eggs,16.5,benghazi,piece,30,2024-10-15,LYD,wfp-hdx:92:2325:2024-10-15
Eggs,19.25,benghazi,piece,30,2024-11-15,LYD,wfp-hdx:92:2325:2024-11-15
Eggs,19.5,benghazi,piece,30,2024-12-15,LYD,wfp-hdx:92:2325:2024-12-15
Eggs,19.75,benghazi,piece,30,2025-01-15,LYD,wfp-hdx:92:2325:2025-01-15
Eggs,19,benghazi,piece,30,2025-02-15,LYD,wfp-hdx:92:2325:2025-02-15
Eggs,14.5,benghazi,piece,30,2025-03-15,LYD,wfp-hdx:92:2325:2025-03-15
Eggs,13.5,benghazi,piece,30,2025-04-15,LYD,wfp-hdx:92:2325:2025-04-15
Eggs,14.25,benghazi,piece,30,2025-05-15,LYD,wfp-hdx:92:2325:2025-05-15
Eggs,15.5,benghazi,piece,30,2025-06-15,LYD,wfp-hdx:92:2325:2025-06-15
Eggs,21,benghazi,piece,30,2025-10-15,LYD,wfp-hdx:92:2325:2025-10-15
Eggs,21,benghazi,piece,30,2025-11-15,LYD,wfp-hdx:92:2325:2025-11-15
Eggs,21.38,benghazi,piece,30,2025-12-15,LYD,wfp-hdx:92:2325:2025-12-15
Eggs,24.25,benghazi,piece,30,2026-01-15,LYD,wfp-hdx:92:2325:2026-01-15
Eggs,28.25,benghazi,piece,30,2026-02-15,LYD,wfp-hdx:92:2325:2026-02-15
Eggs,25,benghazi,piece,30,2026-03-15,LYD,wfp-hdx:92:2325:2026-03-15
Eggs,19.38,benghazi,piece,30,2026-04-15,LYD,wfp-hdx:92:2325:2026-04-15
Eggs,20.5,benghazi,piece,30,2026-05-15,LYD,wfp-hdx:92:2325:2026-05-15
Eggs,16.75,derna,piece,30,2024-04-15,LYD,wfp-hdx:92:2328:2024-04-15
Eggs,17.25,derna,piece,30,2024-05-15,LYD,wfp-hdx:92:2328:2024-05-15
Eggs,18,derna,piece,30,2024-06-15,LYD,wfp-hdx:92:2328:2024-06-15
Eggs,17,derna,piece,30,2024-07-15,LYD,wfp-hdx:92:2328:2024-07-15
Eggs,18,derna,piece,30,2024-08-15,LYD,wfp-hdx:92:2328:2024-08-15
Eggs,20,derna,piece,30,2024-09-15,LYD,wfp-hdx:92:2328:2024-09-15
Eggs,16.63,derna,piece,30,2024-10-15,LYD,wfp-hdx:92:2328:2024-10-15
Eggs,18,derna,piece,30,2024-11-15,LYD,wfp-hdx:92:2328:2024-11-15
Eggs,20,derna,piece,30,2024-12-15,LYD,wfp-hdx:92:2328:2024-12-15
Eggs,19.5,derna,piece,30,2025-01-15,LYD,wfp-hdx:92:2328:2025-01-15
Eggs,19.25,derna,piece,30,2025-02-15,LYD,wfp-hdx:92:2328:2025-02-15
Eggs,15.25,derna,piece,30,2025-03-15,LYD,wfp-hdx:92:2328:2025-03-15
Eggs,13.13,derna,piece,30,2025-04-15,LYD,wfp-hdx:92:2328:2025-04-15
Eggs,12.13,derna,piece,30,2025-05-15,LYD,wfp-hdx:92:2328:2025-05-15
Eggs,15,derna,piece,30,2025-06-15,LYD,wfp-hdx:92:2328:2025-06-15
Eggs,19.25,derna,piece,30,2025-10-15,LYD,wfp-hdx:92:2328:2025-10-15
Eggs,21.25,derna,piece,30,2025-11-15,LYD,wfp-hdx:92:2328:2025-11-15
Eggs,20.5,derna,piece,30,2025-12-15,LYD,wfp-hdx:92:2328:2025-12-15
Eggs,21.75,derna,piece,30,2026-01-15,LYD,wfp-hdx:92:2328:2026-01-15
Eggs,25.75,derna,piece,30,2026-02-15,LYD,wfp-hdx:92:2328:2026-02-15
Eggs,24.25,derna,piece,30,2026-03-15,LYD,wfp-hdx:92:2328:2026-03-15
Eggs,22.5,derna,piece,30,2026-04-15,LYD,wfp-hdx:92:2328:2026-04-15
Eggs,22,derna,piece,30,2026-05-15,LYD,wfp-hdx:92:2328:2026-05-15
Eggs,18,ghat,piece,30,2024-04-15,LYD,wfp-hdx:92:2342:2024-04-15
Eggs,16.75,ghat,piece,30,2024-05-15,LYD,wfp-hdx:92:2342:2024-05-15
Eggs,20.13,ghat,piece,30,2024-07-15,LYD,wfp-hdx:92:2342:2024-07-15
Eggs,17.75,ghat,piece,30,2024-09-15,LYD,wfp-hdx:92:2342:2024-09-15
Eggs,17.75,ghat,piece,30,2024-11-15,LYD,wfp-hdx:92:2342:2024-11-15
Eggs,18.1,ghat,piece,30,2025-02-15,LYD,wfp-hdx:92:2342:2025-02-15
Eggs,15,ghat,piece,30,2025-03-15,LYD,wfp-hdx:92:2342:2025-03-15
Eggs,15,ghat,piece,30,2025-04-15,LYD,wfp-hdx:92:2342:2025-04-15
Eggs,10,ghat,piece,30,2025-06-15,LYD,wfp-hdx:92:2342:2025-06-15
Eggs,20,ghat,piece,30,2025-10-15,LYD,wfp-hdx:92:2342:2025-10-15
Eggs,18,ghat,piece,30,2025-11-15,LYD,wfp-hdx:92:2342:2025-11-15
Eggs,18.25,ghat,piece,30,2025-12-15,LYD,wfp-hdx:92:2342:2025-12-15
Eggs,27.15,ghat,piece,30,2026-02-15,LYD,wfp-hdx:92:2342:2026-02-15
Eggs,18.74,ghat,piece,30,2026-04-15,LYD,wfp-hdx:92:2342:2026-04-15
Eggs,17.75,khoms,piece,30,2024-06-15,LYD,wfp-hdx:92:2350:2024-06-15
Eggs,18.75,khoms,piece,30,2024-09-15,LYD,wfp-hdx:92:2350:2024-09-15
Eggs,15.75,khoms,piece,30,2024-10-15,LYD,wfp-hdx:92:2350:2024-10-15
Eggs,9.5,khoms,piece,30,2025-03-15,LYD,wfp-hdx:92:2350:2025-03-15
Eggs,20.5,khoms,piece,30,2025-06-15,LYD,wfp-hdx:92:2350:2025-06-15
Eggs,18.25,khoms,piece,30,2025-10-15,LYD,wfp-hdx:92:2350:2025-10-15
Eggs,25.25,khoms,piece,30,2025-12-15,LYD,wfp-hdx:92:2350:2025-12-15
Eggs,21.75,khoms,piece,30,2026-01-15,LYD,wfp-hdx:92:2350:2026-01-15
Eggs,21,khoms,piece,30,2026-02-15,LYD,wfp-hdx:92:2350:2026-02-15
Eggs,20.75,khoms,piece,30,2026-03-15,LYD,wfp-hdx:92:2350:2026-03-15
Eggs,24.5,khoms,piece,30,2026-05-15,LYD,wfp-hdx:92:2350:2026-05-15
Eggs,13.38,misrata,piece,30,2024-04-15,LYD,wfp-hdx:92:2354:2024-04-15
Eggs,16.13,misrata,piece,30,2024-05-15,LYD,wfp-hdx:92:2354:2024-05-15
Eggs,15.5,misrata,piece,30,2024-06-15,LYD,wfp-hdx:92:2354:2024-06-15
Eggs,17,misrata,piece,30,2024-08-15,LYD,wfp-hdx:92:2354:2024-08-15
Eggs,22,misrata,piece,30,2024-12-15,LYD,wfp-hdx:92:2354:2024-12-15
Eggs,15.75,misrata,piece,30,2025-02-15,LYD,wfp-hdx:92:2354:2025-02-15
Eggs,19,misrata,piece,30,2025-05-15,LYD,wfp-hdx:92:2354:2025-05-15
Eggs,21.25,misrata,piece,30,2026-02-15,LYD,wfp-hdx:92:2354:2026-02-15
Eggs,24,misrata,piece,30,2026-04-15,LYD,wfp-hdx:92:2354:2026-04-15
Eggs,19.5,murzuq,piece,30,2024-04-15,LYD,wfp-hdx:92:2336:2024-04-15
Eggs,16,murzuq,piece,30,2024-05-15,LYD,wfp-hdx:92:2336:2024-05-15
Eggs,20,murzuq,piece,30,2024-06-15,LYD,wfp-hdx:92:2336:2024-06-15
Eggs,19.6,murzuq,piece,30,2024-07-15,LYD,wfp-hdx:92:2336:2024-07-15
Eggs,20.5,murzuq,piece,30,2024-08-15,LYD,wfp-hdx:92:2336:2024-08-15
Eggs,22,murzuq,piece,30,2024-09-15,LYD,wfp-hdx:92:2336:2024-09-15
Eggs,18,murzuq,piece,30,2024-10-15,LYD,wfp-hdx:92:2336:2024-10-15
Eggs,22,murzuq,piece,30,2024-11-15,LYD,wfp-hdx:92:2336:2024-11-15
Eggs,21,murzuq,piece,30,2024-12-15,LYD,wfp-hdx:92:2336:2024-12-15
Eggs,22,murzuq,piece,30,2025-01-15,LYD,wfp-hdx:92:2336:2025-01-15
Eggs,20.25,murzuq,piece,30,2025-02-15,LYD,wfp-hdx:92:2336:2025-02-15
Eggs,20,murzuq,piece,30,2025-03-15,LYD,wfp-hdx:92:2336:2025-03-15
Eggs,20,murzuq,piece,30,2025-04-15,LYD,wfp-hdx:92:2336:2025-04-15
Eggs,17,murzuq,piece,30,2025-05-15,LYD,wfp-hdx:92:2336:2025-05-15
Eggs,17,murzuq,piece,30,2025-06-15,LYD,wfp-hdx:92:2336:2025-06-15
Eggs,22,murzuq,piece,30,2025-10-15,LYD,wfp-hdx:92:2336:2025-10-15
Eggs,22,murzuq,piece,30,2025-11-15,LYD,wfp-hdx:92:2336:2025-11-15
Eggs,23,murzuq,piece,30,2025-12-15,LYD,wfp-hdx:92:2336:2025-12-15
Eggs,23,murzuq,piece,30,2026-01-15,LYD,wfp-hdx:92:2336:2026-01-15
Eggs,28.12,murzuq,piece,30,2026-02-15,LYD,wfp-hdx:92:2336:2026-02-15
Eggs,25,murzuq,piece,30,2026-03-15,LYD,wfp-hdx:92:2336:2026-03-15
Eggs,23.75,murzuq,piece,30,2026-04-15,LYD,wfp-hdx:92:2336:2026-04-15
Eggs,24,murzuq,piece,30,2026-05-15,LYD,wfp-hdx:92:2336:2026-05-15
Eggs,18,sabha,piece,30,2024-04-15,LYD,wfp-hdx:92:2332:2024-04-15
Eggs,14.13,sabha,piece,30,2024-05-15,LYD,wfp-hdx:92:2332:2024-05-15
Eggs,17.25,sabha,piece,30,2024-06-15,LYD,wfp-hdx:92:2332:2024-06-15
Eggs,11.5,sabha,piece,30,2024-07-15,LYD,wfp-hdx:92:2332:2024-07-15
Eggs,17.13,sabha,piece,30,2024-08-15,LYD,wfp-hdx:92:2332:2024-08-15
Eggs,21,sabha,piece,30,2024-09-15,LYD,wfp-hdx:92:2332:2024-09-15
Eggs,14,sabha,piece,30,2024-10-15,LYD,wfp-hdx:92:2332:2024-10-15
Eggs,15.63,sabha,piece,30,2024-11-15,LYD,wfp-hdx:92:2332:2024-11-15
Eggs,18,sabha,piece,30,2024-12-15,LYD,wfp-hdx:92:2332:2024-12-15
Eggs,18,sabha,piece,30,2025-01-15,LYD,wfp-hdx:92:2332:2025-01-15
Eggs,17.63,sabha,piece,30,2025-02-15,LYD,wfp-hdx:92:2332:2025-02-15
Eggs,18.13,sabha,piece,30,2025-03-15,LYD,wfp-hdx:92:2332:2025-03-15
Eggs,15,sabha,piece,30,2025-04-15,LYD,wfp-hdx:92:2332:2025-04-15
Eggs,12.38,sabha,piece,30,2025-05-15,LYD,wfp-hdx:92:2332:2025-05-15
Eggs,13,sabha,piece,30,2025-06-15,LYD,wfp-hdx:92:2332:2025-06-15
Eggs,18,sabha,piece,30,2025-10-15,LYD,wfp-hdx:92:2332:2025-10-15
Eggs,18,sabha,piece,30,2025-11-15,LYD,wfp-hdx:92:2332:2025-11-15
Eggs,20,sabha,piece,30,2025-12-15,LYD,wfp-hdx:92:2332:2025-12-15
Eggs,19,sabha,piece,30,2026-01-15,LYD,wfp-hdx:92:2332:2026-01-15
Eggs,24.5,sabha,piece,30,2026-02-15,LYD,wfp-hdx:92:2332:2026-02-15
Eggs,17,sabha,piece,30,2026-03-15,LYD,wfp-hdx:92:2332:2026-03-15
Eggs,19,sabha,piece,30,2026-04-15,LYD,wfp-hdx:92:2332:2026-04-15
Eggs,21,sabha,piece,30,2026-05-15,LYD,wfp-hdx:92:2332:2026-05-15
Eggs,15,sirte,piece,30,2024-04-15,LYD,wfp-hdx:92:2331:2024-04-15
Eggs,13,sirte,piece,30,2024-05-15,LYD,wfp-hdx:92:2331:2024-05-15
Eggs,17.88,sirte,piece,30,2024-06-15,LYD,wfp-hdx:92:2331:2024-06-15
Eggs,12.38,sirte,piece,30,2024-07-15,LYD,wfp-hdx:92:2331:2024-07-15
Eggs,17.25,sirte,piece,30,2024-08-15,LYD,wfp-hdx:92:2331:2024-08-15
Eggs,20,sirte,piece,30,2024-09-15,LYD,wfp-hdx:92:2331:2024-09-15
Eggs,15,sirte,piece,30,2024-10-15,LYD,wfp-hdx:92:2331:2024-10-15
Eggs,16,sirte,piece,30,2024-11-15,LYD,wfp-hdx:92:2331:2024-11-15
Eggs,18.88,sirte,piece,30,2024-12-15,LYD,wfp-hdx:92:2331:2024-12-15
Eggs,18.88,sirte,piece,30,2025-01-15,LYD,wfp-hdx:92:2331:2025-01-15
Eggs,18.5,sirte,piece,30,2025-02-15,LYD,wfp-hdx:92:2331:2025-02-15
Eggs,10,sirte,piece,30,2025-03-15,LYD,wfp-hdx:92:2331:2025-03-15
Eggs,10.88,sirte,piece,30,2025-04-15,LYD,wfp-hdx:92:2331:2025-04-15
Eggs,12.75,sirte,piece,30,2025-05-15,LYD,wfp-hdx:92:2331:2025-05-15
Eggs,13,sirte,piece,30,2025-06-15,LYD,wfp-hdx:92:2331:2025-06-15
Eggs,18.88,sirte,piece,30,2025-10-15,LYD,wfp-hdx:92:2331:2025-10-15
Eggs,17.12,sirte,piece,30,2025-11-15,LYD,wfp-hdx:92:2331:2025-11-15
Eggs,18.12,sirte,piece,30,2025-12-15,LYD,wfp-hdx:92:2331:2025-12-15
Eggs,20.75,sirte,piece,30,2026-01-15,LYD,wfp-hdx:92:2331:2026-01-15
Eggs,25.25,sirte,piece,30,2026-02-15,LYD,wfp-hdx:92:2331:2026-02-15
Eggs,19.5,sirte,piece,30,2026-03-15,LYD,wfp-hdx:92:2331:2026-03-15
Eggs,20.25,sirte,piece,30,2026-04-15,LYD,wfp-hdx:92:2331:2026-04-15
Eggs,22.12,sirte,piece,30,2026-05-15,LYD,wfp-hdx:92:2331:2026-05-15
Eggs,17,tobruk,piece,30,2024-04-15,LYD,wfp-hdx:92:2333:2024-04-15
Eggs,10,tobruk,piece,30,2024-05-15,LYD,wfp-hdx:92:2333:2024-05-15
Eggs,17,tobruk,piece,30,2024-06-15,LYD,wfp-hdx:92:2333:2024-06-15
Eggs,10,tobruk,piece,30,2024-07-15,LYD,wfp-hdx:92:2333:2024-07-15
Eggs,17,tobruk,piece,30,2024-08-15,LYD,wfp-hdx:92:2333:2024-08-15
Eggs,17,tobruk,piece,30,2024-09-15,LYD,wfp-hdx:92:2333:2024-09-15
Eggs,9.5,tobruk,piece,30,2024-10-15,LYD,wfp-hdx:92:2333:2024-10-15
Eggs,11,tobruk,piece,30,2024-11-15,LYD,wfp-hdx:92:2333:2024-11-15
Eggs,15,tobruk,piece,30,2024-12-15,LYD,wfp-hdx:92:2333:2024-12-15
Eggs,13,tobruk,piece,30,2025-01-15,LYD,wfp-hdx:92:2333:2025-01-15
Eggs,17,tobruk,piece,30,2025-02-15,LYD,wfp-hdx:92:2333:2025-02-15
Eggs,9.5,tobruk,piece,30,2025-03-15,LYD,wfp-hdx:92:2333:2025-03-15
Eggs,15,tobruk,piece,30,2025-04-15,LYD,wfp-hdx:92:2333:2025-04-15
Eggs,9,tobruk,piece,30,2025-05-15,LYD,wfp-hdx:92:2333:2025-05-15
Eggs,15,tobruk,piece,30,2025-06-15,LYD,wfp-hdx:92:2333:2025-06-15
Eggs,20,tobruk,piece,30,2025-10-15,LYD,wfp-hdx:92:2333:2025-10-15
Eggs,18,tobruk,piece,30,2025-11-15,LYD,wfp-hdx:92:2333:2025-11-15
Eggs,20,tobruk,piece,30,2025-12-15,LYD,wfp-hdx:92:2333:2025-12-15
Eggs,20,tobruk,piece,30,2026-01-15,LYD,wfp-hdx:92:2333:2026-01-15
Eggs,25,tobruk,piece,30,2026-02-15,LYD,wfp-hdx:92:2333:2026-02-15
Eggs,30,tobruk,piece,30,2026-03-15,LYD,wfp-hdx:92:2333:2026-03-15
Eggs,20,tobruk,piece,30,2026-04-15,LYD,wfp-hdx:92:2333:2026-04-15
Eggs,20,tobruk,piece,30,2026-05-15,LYD,wfp-hdx:92:2333:2026-05-15
Eggs,18.5,tripoli,piece,30,2024-04-15,LYD,wfp-hdx:92:2334:2024-04-15
Eggs,15.25,tripoli,piece,30,2024-05-15,LYD,wfp-hdx:92:2334:2024-05-15
Eggs,18.5,tripoli,piece,30,2024-06-15,LYD,wfp-hdx:92:2334:2024-06-15
Eggs,24.25,tripoli,piece,30,2024-07-15,LYD,wfp-hdx:92:2334:2024-07-15
Eggs,21.25,tripoli,piece,30,2024-08-15,LYD,wfp-hdx:92:2334:2024-08-15
Eggs,25,tripoli,piece,30,2024-09-15,LYD,wfp-hdx:92:2334:2024-09-15
Eggs,25,tripoli,piece,30,2024-10-15,LYD,wfp-hdx:92:2334:2024-10-15
Eggs,20,tripoli,piece,30,2024-11-15,LYD,wfp-hdx:92:2334:2024-11-15
Eggs,22,tripoli,piece,30,2024-12-15,LYD,wfp-hdx:92:2334:2024-12-15
Eggs,21.25,tripoli,piece,30,2025-01-15,LYD,wfp-hdx:92:2334:2025-01-15
Eggs,16,tripoli,piece,30,2025-02-15,LYD,wfp-hdx:92:2334:2025-02-15
Eggs,16.63,tripoli,piece,30,2025-03-15,LYD,wfp-hdx:92:2334:2025-03-15
Eggs,16,tripoli,piece,30,2025-04-15,LYD,wfp-hdx:92:2334:2025-04-15
Eggs,18.63,tripoli,piece,30,2025-05-15,LYD,wfp-hdx:92:2334:2025-05-15
Eggs,20,tripoli,piece,30,2025-06-15,LYD,wfp-hdx:92:2334:2025-06-15
Eggs,26,tripoli,piece,30,2025-10-15,LYD,wfp-hdx:92:2334:2025-10-15
Eggs,23.25,tripoli,piece,30,2025-11-15,LYD,wfp-hdx:92:2334:2025-11-15
Eggs,24.75,tripoli,piece,30,2025-12-15,LYD,wfp-hdx:92:2334:2025-12-15
Eggs,24.75,tripoli,piece,30,2026-01-15,LYD,wfp-hdx:92:2334:2026-01-15
Eggs,21,tripoli,piece,30,2026-02-15,LYD,wfp-hdx:92:2334:2026-02-15
Eggs,19.8,tripoli,piece,30,2026-03-15,LYD,wfp-hdx:92:2334:2026-03-15
Eggs,24.75,tripoli,piece,30,2026-04-15,LYD,wfp-hdx:92:2334:2026-04-15
Eggs,25.5,tripoli,piece,30,2026-05-15,LYD,wfp-hdx:92:2334:2026-05-15
Eggs,20,ubari,piece,30,2024-04-15,LYD,wfp-hdx:92:2337:2024-04-15
Eggs,21,ubari,piece,30,2024-05-15,LYD,wfp-hdx:92:2337:2024-05-15
Eggs,20,ubari,piece,30,2024-06-15,LYD,wfp-hdx:92:2337:2024-06-15
Eggs,18,ubari,piece,30,2024-07-15,LYD,wfp-hdx:92:2337:2024-07-15
Eggs,18,ubari,piece,30,2024-08-15,LYD,wfp-hdx:92:2337:2024-08-15
Eggs,22,ubari,piece,30,2024-09-15,LYD,wfp-hdx:92:2337:2024-09-15
Eggs,24,ubari,piece,30,2024-10-15,LYD,wfp-hdx:92:2337:2024-10-15
Eggs,20.75,ubari,piece,30,2024-11-15,LYD,wfp-hdx:92:2337:2024-11-15
Eggs,23.25,ubari,piece,30,2024-12-15,LYD,wfp-hdx:92:2337:2024-12-15
Eggs,21.5,ubari,piece,30,2025-01-15,LYD,wfp-hdx:92:2337:2025-01-15
Eggs,23,ubari,piece,30,2025-02-15,LYD,wfp-hdx:92:2337:2025-02-15
Eggs,15.5,ubari,piece,30,2025-03-15,LYD,wfp-hdx:92:2337:2025-03-15
Eggs,15,ubari,piece,30,2025-04-15,LYD,wfp-hdx:92:2337:2025-04-15
Eggs,13.5,ubari,piece,30,2025-05-15,LYD,wfp-hdx:92:2337:2025-05-15
Eggs,13.5,ubari,piece,30,2025-06-15,LYD,wfp-hdx:92:2337:2025-06-15
Eggs,19,ubari,piece,30,2025-10-15,LYD,wfp-hdx:92:2337:2025-10-15
Eggs,17.5,ubari,piece,30,2025-11-15,LYD,wfp-hdx:92:2337:2025-11-15
Eggs,19,ubari,piece,30,2025-12-15,LYD,wfp-hdx:92:2337:2025-12-15
Eggs,20.25,ubari,piece,30,2026-01-15,LYD,wfp-hdx:92:2337:2026-01-15
Eggs,25,ubari,piece,30,2026-02-15,LYD,wfp-hdx:92:2337:2026-02-15
Eggs,18.5,ubari,piece,30,2026-03-15,LYD,wfp-hdx:92:2337:2026-03-15
Eggs,20,ubari,piece,30,2026-04-15,LYD,wfp-hdx:92:2337:2026-04-15
Eggs,22,ubari,piece,30,2026-05-15,LYD,wfp-hdx:92:2337:2026-05-15
Eggs,16.5,zawiya,piece,30,2024-04-15,LYD,wfp-hdx:92:2353:2024-04-15
Eggs,16.88,zawiya,piece,30,2024-05-15,LYD,wfp-hdx:92:2353:2024-05-15
Eggs,17.5,zawiya,piece,30,2024-06-15,LYD,wfp-hdx:92:2353:2024-06-15
Eggs,18.75,zawiya,piece,30,2024-07-15,LYD,wfp-hdx:92:2353:2024-07-15
Eggs,18.25,zawiya,piece,30,2024-08-15,LYD,wfp-hdx:92:2353:2024-08-15
Eggs,25.25,zawiya,piece,30,2024-09-15,LYD,wfp-hdx:92:2353:2024-09-15
Eggs,14.5,zawiya,piece,30,2024-10-15,LYD,wfp-hdx:92:2353:2024-10-15
Eggs,17,zawiya,piece,30,2024-11-15,LYD,wfp-hdx:92:2353:2024-11-15
Eggs,21.5,zawiya,piece,30,2025-01-15,LYD,wfp-hdx:92:2353:2025-01-15
Eggs,17.25,zawiya,piece,30,2025-02-15,LYD,wfp-hdx:92:2353:2025-02-15
Eggs,17,zawiya,piece,30,2025-03-15,LYD,wfp-hdx:92:2353:2025-03-15
Eggs,16.25,zawiya,piece,30,2025-04-15,LYD,wfp-hdx:92:2353:2025-04-15
Eggs,19,zawiya,piece,30,2025-05-15,LYD,wfp-hdx:92:2353:2025-05-15
Eggs,21.5,zawiya,piece,30,2025-06-15,LYD,wfp-hdx:92:2353:2025-06-15
Eggs,25.5,zawiya,piece,30,2025-10-15,LYD,wfp-hdx:92:2353:2025-10-15
Eggs,26,zawiya,piece,30,2025-11-15,LYD,wfp-hdx:92:2353:2025-11-15
Eggs,26,zawiya,piece,30,2026-01-15,LYD,wfp-hdx:92:2353:2026-01-15
Eggs,20,zawiya,piece,30,2026-02-15,LYD,wfp-hdx:92:2353:2026-02-15
Eggs,20.75,zawiya,piece,30,2026-03-15,LYD,wfp-hdx:92:2353:2026-03-15
Eggs,24.25,zawiya,piece,30,2026-04-15,LYD,wfp-hdx:92:2353:2026-04-15
Eggs,25.25,zawiya,piece,30,2026-05-15,LYD,wfp-hdx:92:2353:2026-05-15
Eggs,13.63,zliten,piece,30,2024-04-15,LYD,wfp-hdx:92:2327:2024-04-15
Eggs,17,zliten,piece,30,2024-05-15,LYD,wfp-hdx:92:2327:2024-05-15
Eggs,17.75,zliten,piece,30,2024-06-15,LYD,wfp-hdx:92:2327:2024-06-15
Eggs,19.25,zliten,piece,30,2024-07-15,LYD,wfp-hdx:92:2327:2024-07-15
Eggs,19.5,zliten,piece,30,2024-08-15,LYD,wfp-hdx:92:2327:2024-08-15
Eggs,25,zliten,piece,30,2024-09-15,LYD,wfp-hdx:92:2327:2024-09-15
Eggs,18,zliten,piece,30,2024-10-15,LYD,wfp-hdx:92:2327:2024-10-15
Eggs,18.75,zliten,piece,30,2024-11-15,LYD,wfp-hdx:92:2327:2024-11-15
Eggs,22.25,zliten,piece,30,2024-12-15,LYD,wfp-hdx:92:2327:2024-12-15
Eggs,20.75,zliten,piece,30,2025-01-15,LYD,wfp-hdx:92:2327:2025-01-15
Eggs,16,zliten,piece,30,2025-02-15,LYD,wfp-hdx:92:2327:2025-02-15
Eggs,16.88,zliten,piece,30,2025-03-15,LYD,wfp-hdx:92:2327:2025-03-15
Eggs,16,zliten,piece,30,2025-04-15,LYD,wfp-hdx:92:2327:2025-04-15
Eggs,19,zliten,piece,30,2025-05-15,LYD,wfp-hdx:92:2327:2025-05-15
Eggs,20,zliten,piece,30,2025-06-15,LYD,wfp-hdx:92:2327:2025-06-15
Eggs,26.5,zliten,piece,30,2025-10-15,LYD,wfp-hdx:92:2327:2025-10-15
Eggs,23.5,zliten,piece,30,2025-11-15,LYD,wfp-hdx:92:2327:2025-11-15
Eggs,23.75,zliten,piece,30,2025-12-15,LYD,wfp-hdx:92:2327:2025-12-15
Eggs,22.5,zliten,piece,30,2026-01-15,LYD,wfp-hdx:92:2327:2026-01-15
Eggs,21,zliten,piece,30,2026-02-15,LYD,wfp-hdx:92:2327:2026-02-15
Eggs,20,zliten,piece,30,2026-03-15,LYD,wfp-hdx:92:2327:2026-03-15
Eggs,23.5,zliten,piece,30,2026-04-15,LYD,wfp-hdx:92:2327:2026-04-15
Eggs,23.25,zliten,piece,30,2026-05-15,LYD,wfp-hdx:92:2327:2026-05-15
